time,domain,topdomain
2020-03-18,incoming.telemetry.mozilla.org,mozilla.org
2020-03-18,www.gz.10086.cn,10086.cn
2020-03-18,div.style.box,style.box
2020-03-18,connect.microsoft.com,microsoft.com
2020-03-18,html.spec.whatwg.org,whatwg.org
2020-03-18,erik.eae.net,eae.net
2020-03-18,web.archive.org,archive.org
2020-03-18,javascript.nwbox.com,nwbox.com
2020-03-18,weblogs.java.net,java.net
2020-03-18,www.js.10086.cn,10086.cn
2020-03-18,shop.10086.cn,10086.cn
2020-03-18,www.yn.10086.cn,10086.cn
2020-03-18,result.result.data,result.data
2020-03-18,www.hi.10086.cn,10086.cn
2020-03-18,ac.10086.cn,10086.cn
2020-03-18,login.10086.cn,10086.cn
2020-03-18,www.sh.10086.cn,10086.cn
2020-03-18,www.hn.10086.cn,10086.cn
2020-03-18,search.10086.cn,10086.cn
2020-03-18,www.semnanweb.com,semnanweb.com
2020-03-18,result.result.data.total,data.total
2020-03-18,www.10086.cn,10086.cn
2020-03-18,window.location.host,location.host
2020-03-18,www.he.10086.cn,10086.cn
2020-03-18,touch.10086.cn,10086.cn
2020-03-18,www.cq.10086.cn,10086.cn
2020-03-18,www.webtoolkit.info,webtoolkit.info
2020-03-18,jf.10086.cn,10086.cn
2020-03-18,www.chinamobileltd.com,chinamobileltd.com
2020-03-18,www1.10086.cn,10086.cn
2020-03-18,result.result.data.is,data.is
2020-03-18,location.pathname.to,pathname.to
2020-03-18,b2b.10086.cn,10086.cn
2020-03-18,www.hl.10086.cn,10086.cn
2020-03-18,zhengqi.10086.cn,10086.cn
2020-03-18,ss.knet.cn,knet.cn
2020-03-18,service.cq.10086.cn,10086.cn
2020-03-18,wap.10086.cn,10086.cn
2020-03-18,www.ctibet.cn,ctibet.cn
2020-03-18,www.miibeian.gov.cn,gov.cn
2020-03-18,xz.10086.cn,10086.cn
2020-03-18,job.10086.cn,10086.cn
2020-03-18,www.zj.10086.cn,10086.cn
2020-03-18,www.hk.chinamobile.com,chinamobile.com
2020-03-18,www.cmdi.chinamobile.com,chinamobile.com
2020-03-18,www.fj.10086.cn,10086.cn
2020-03-18,layer.layui.com,layui.com
2020-03-18,button.list-group-item-danger.active,list-group-item-danger.active
2020-03-18,button.list-group-item-info.active,list-group-item-info.active
2020-03-18,bootstrap.min.css.map,css.map
2020-03-18,utton.list-group-item-warning.active,list-group-item-warning.active
2020-03-18,tr.collapse.in,collapse.in
2020-03-18,button.list-group-item-warning.active,list-group-item-warning.active
2020-03-18,tbody.collapse.in,collapse.in
2020-03-18,utton.list-group-item-success.active,list-group-item-success.active
2020-03-18,utton.list-group-item-danger.active,list-group-item-danger.active
2020-03-18,utton.list-group-item-info.active,list-group-item-info.active
2020-03-18,button.list-group-item-success.active,list-group-item-success.active
2020-03-18,keydown.dismiss.bs,dismiss.bs
2020-03-18,fn.popover.no,popover.no
2020-03-18,mouseup.dismiss.bs,dismiss.bs
2020-03-18,this.options.viewport.call,viewport.call
2020-03-18,fn.alert.no,alert.no
2020-03-18,this.options.placement.call,placement.call
2020-03-18,fn.scrollspy.no,scrollspy.no
2020-03-18,fn.button.no,button.no
2020-03-18,fn.carousel.no,carousel.no
2020-03-18,fn.dropdown.no,dropdown.no
2020-03-18,fn.collapse.no,collapse.no
2020-03-18,fn.tab.no,tab.no
2020-03-18,mousedown.dismiss.bs,dismiss.bs
2020-03-18,click.dismiss.bs,dismiss.bs
2020-03-18,this.options.target,options.target
2020-03-18,options.delay.show,delay.show
2020-03-18,event.special.bs,special.bs
2020-03-18,fn.tooltip.no,tooltip.no
2020-03-18,fn.modal.no,modal.no
2020-03-18,fn.affix.no,affix.no
2020-03-18,enu.js.map,js.map
2020-03-18,this.options.page,options.page
2020-03-18,this.options.total,options.total
2020-03-18,this.options.next,options.next
2020-03-18,enu.css.map,css.map
2020-03-18,fortawesome.github.io,github.io
2020-03-18,www.jayui.com,jayui.com
2020-03-18,nvironment.platform.to,platform.to
2020-03-18,mn.config.is,config.is
2020-03-18,rray.prototype.filter.call,filter.call
2020-03-18,this.getter.call,getter.call
2020-03-18,tor.options.name,options.name
2020-03-18,nteger.prototype.am,prototype.am
2020-03-18,nteger.prototype.to,prototype.to
2020-03-18,dentifier.superclass.constructor.call,constructor.call
2020-03-18,nteger.prototype.compare,prototype.compare
2020-03-18,rcfour.prototype.next,prototype.next
2020-03-18,andom.prototype.next,prototype.next
2020-03-18,et.superclass.constructor.call,constructor.call
2020-03-18,nteger.superclass.constructor.call,constructor.call
2020-03-18,bject.superclass.constructor.call,constructor.call
2020-03-18,nteger.prototype.is,prototype.is
2020-03-18,oolean.superclass.constructor.call,constructor.call
2020-03-18,ey.prototype.do,prototype.do
2020-03-18,ime.superclass.constructor.call,constructor.call
2020-03-18,equence.superclass.constructor.call,constructor.call
2020-03-18,env.ua.ie,ua.ie
2020-03-18,ull.superclass.constructor.call,constructor.call
2020-03-18,tring.superclass.constructor.call,constructor.call
2020-03-18,nteger.prototype.int,prototype.int
2020-03-18,en.wikipedia.org,wikipedia.org
2020-03-18,www.opensource.org,opensource.org
2020-03-18,bjuser.jpush.cn,jpush.cn
2020-03-18,aps.amap.com,amap.com
2020-03-18,android.rqd.qq.com,qq.com
2020-03-18,iwx.mail.qq.com,qq.com
2020-03-18,pub.idqqimg.com,idqqimg.com
2020-03-18,hm.baidu.com,baidu.com
2020-03-18,mail.qq.com,qq.com
2020-03-18,sail.qq.com,qq.com
2020-03-18,mat1.gtimg.com,gtimg.com
2020-03-18,exmail.qq.com,qq.com
2020-03-18,log.tbs.qq.com,qq.com
2020-03-18,cfg.imtt.qq.com,qq.com
2020-03-18,oss.mail.qq.com,qq.com
2020-03-18,im.qq.com,qq.com
2020-03-18,ite.session.id,session.id
2020-03-18,wap.gz.10086.cn,10086.cn
2020-03-18,this.options.gy,options.gy
2020-03-18,or.map.bdimg.com,bdimg.com
2020-03-18,d0.map.baidu.com,baidu.com
2020-03-18,g0.api.map.baidu.com,baidu.com
2020-03-18,static.tieba.baidu.com,baidu.com
2020-03-18,d3.map.baidu.com,baidu.com
2020-03-18,this.yl.lat,yl.lat
2020-03-18,api0.map.bdimg.com,bdimg.com
2020-03-18,pcsv2.map.bdimg.com,bdimg.com
2020-03-18,jc.prototype.remove.call,remove.call
2020-03-18,eb.prototype.remove.call,remove.call
2020-03-18,maponline3.bdimg.com,bdimg.com
2020-03-18,api2.map.bdimg.com,bdimg.com
2020-03-18,lc.prototype.ke.call,ke.call
2020-03-18,this.d0.style,d0.style
2020-03-18,gc.prototype.kh,prototype.kh
2020-03-18,maponline2.bdimg.com,bdimg.com
2020-03-18,www.chromestatus.com,chromestatus.com
2020-03-18,shangetu3.map.bdimg.com,bdimg.com
2020-03-18,g2.api.map.baidu.com,baidu.com
2020-03-18,this.options.gy.call,gy.call
2020-03-18,rray.prototype.map,prototype.map
2020-03-18,gss0.bdstatic.com,bdstatic.com
2020-03-18,this.options.bq,options.bq
2020-03-18,its.map.baidu.com,baidu.com
2020-03-18,this.options.kp,options.kp
2020-03-18,this.fk.style,fk.style
2020-03-18,g3.api.map.baidu.com,baidu.com
2020-03-18,maponline0.bdimg.com,bdimg.com
2020-03-18,pcsv1.map.bdimg.com,bdimg.com
2020-03-18,loc.map.baidu.com,baidu.com
2020-03-18,g1.api.map.baidu.com,baidu.com
2020-03-18,this.page-this.page,page-this.page
2020-03-18,this.ek.style,ek.style
2020-03-18,d2.map.baidu.com,baidu.com
2020-03-18,gss0.baidu.com,baidu.com
2020-03-18,wuxian.baidu.com,baidu.com
2020-03-18,this.style.pg,style.pg
2020-03-18,shangetu1.map.bdimg.com,bdimg.com
2020-03-18,lbsyun.baidu.com,baidu.com
2020-03-18,shangetu2.map.bdimg.com,bdimg.com
2020-03-18,prototype.ra.call,ra.call
2020-03-18,d1.map.baidu.com,baidu.com
2020-03-18,gsp0.baidu.com,baidu.com
2020-03-18,api1.map.bdimg.com,bdimg.com
2020-03-18,webmap0.map.bdimg.com,bdimg.com
2020-03-18,pcsv0.map.bdimg.com,bdimg.com
2020-03-18,shangetu4.map.bdimg.com,bdimg.com
2020-03-18,this.platform.style,platform.style
2020-03-18,maponline1.bdimg.com,bdimg.com
2020-03-18,mapclick.map.baidu.com,baidu.com
2020-03-18,prototype.rc.call,rc.call
2020-03-18,this.style.nc,style.nc
2020-03-18,this.ld.style,ld.style
2020-03-18,shangetu0.map.bdimg.com,bdimg.com
2020-03-18,pv.sohu.com,sohu.com
2020-03-18,event.handlers.call,handlers.call
2020-03-18,jquery.min.map,min.map
2020-03-18,app.10086.cn,10086.cn
2020-03-18,browser.versions.mobile,versions.mobile
2020-03-18,service.tj.10086.cn,10086.cn
2020-03-18,this.ua.to,ua.to
2020-03-18,statse.webtrendslive.com,webtrendslive.com
2020-03-18,window.location.hostname.to,hostname.to
2020-03-18,encrypted.ciphertext.to,ciphertext.to
2020-03-18,www.macromedia.com,macromedia.com
2020-03-18,download.macromedia.com,macromedia.com
2020-03-18,bj.style.top,style.top
2020-03-18,www.adobe.com,adobe.com
2020-03-18,lement.prototype.click,prototype.click
2020-03-18,nn.mit-license.org,mit-license.org
2020-03-18,www.alchemy-lab.com,alchemy-lab.com
2020-03-18,mwww.t00ls.net,t00ls.net
2020-03-18,wpa.qq.com,qq.com
2020-03-18,sc.ftqq.com,ftqq.com
2020-03-18,console.cloud.tencent.com,tencent.com
2020-03-18,weixin.qq.com,qq.com
2020-03-18,wx.qlogo.cn,qlogo.cn
2020-03-18,conn2.oppomobile.com,oppomobile.com
2020-03-18,captive.v2ex.co,v2ex.co
2020-03-18,cgicol.amap.com,amap.com
2020-03-18,pan.baidu.com,baidu.com
2020-03-18,incoming.telemetry.mozilla.org,mozilla.org
2020-03-18,safebrowsing.googleapis.com,googleapis.com
2020-03-18,wx.qlogo.cn,qlogo.cn
2020-03-18,weixin.qq.com,qq.com
2020-03-18,qun.qq.com,qq.com
2020-03-18,outgoing.prod.mozaws.net,mozaws.net
2020-03-18,40search.mozilla.org,mozilla.org
2020-03-18,www.gnu.org,gnu.org
2020-03-18,static.addons.mozilla.net,mozilla.net
2020-03-18,www.gstatic.cn,gstatic.cn
2020-03-18,www.mozilla.org,mozilla.org
2020-03-18,addons.cdn.mozilla.net,mozilla.net
2020-03-18,www.google.com,google.com
2020-03-18,services.addons.mozilla.org,mozilla.org
2020-03-18,addons.mozilla.org,mozilla.org
2020-03-18,ssl.google-analytics.com,google-analytics.com
2020-03-18,developer.mozilla.org,mozilla.org
2020-03-18,www.recaptcha.net,recaptcha.net
2020-03-18,chrome.google.com,google.com
2020-03-18,videos.cdn.mozilla.net,mozilla.net
2020-03-18,sentry.prod.mozaws.net,mozaws.net
2020-03-18,www.gstatic.com,gstatic.com
2020-03-18,www.paypal.me,paypal.me
2020-03-18,ciscobinary.openh264.org,openh264.org
2020-03-18,versioncheck-bg.addons.mozilla.org,mozilla.org
2020-03-18,r1---sn-bvn0o-jqxl.gvt1.com,gvt1.com
2020-03-18,redirector.gvt1.com,gvt1.com
2020-03-18,10.1582.2-mac-x64.zip,2-mac-x64.zip
2020-03-18,im.qq.com,qq.com
2020-03-18,ss.lanshuapi.com,lanshuapi.com
2020-03-18,pub.idqqimg.com,idqqimg.com
2020-03-18,mail.qq.com,qq.com
2020-03-18,hm.baidu.com,baidu.com
2020-03-18,sail.qq.com,qq.com
2020-03-18,mat1.gtimg.com,gtimg.com
2020-03-18,iwx.mail.qq.com,qq.com
2020-03-18,r6.mo.baidu.com,baidu.com
2020-03-18,exmail.qq.com,qq.com
2020-03-18,files.alicdn.com,alicdn.com
2020-03-18,lws.laiwang.com,laiwang.com
2020-03-18,vip.dingtalk.com,dingtalk.com
2020-03-18,appstoreisvpic.alipayobjects.com,alipayobjects.com
2020-03-18,mdn.alipayobjects.com,alipayobjects.com
2020-03-18,ilce.alicdn.com,alicdn.com
2020-03-18,oalipay-dl-django.alicdn.com,alicdn.com
2020-03-18,myh2.alipay.com,alipay.com
2020-03-18,mdgw.alipay.com,alipay.com
2020-03-18,mobilecodec.alipay.com,alipay.com
2020-03-18,img.alicdn.com,alicdn.com
2020-03-18,as.alipayobjects.com,alipayobjects.com
2020-03-18,h5.ele.me,ele.me
2020-03-18,tfs.alipayobjects.com,alipayobjects.com
2020-03-18,gw.alicdn.com,alicdn.com
2020-03-18,mcgw.alipay.com,alipay.com
2020-03-18,mygwshort.alipay.com,alipay.com
2020-03-18,mdn.alicdn.com,alicdn.com
2020-03-18,mobilegw.alipay.com,alipay.com
2020-03-18,mdap.alipay.com,alipay.com
2020-03-18,os.alipayobjects.com,alipayobjects.com
2020-03-18,tfsimg.alipay.com,alipay.com
2020-03-18,gw.alipayobjects.com,alipayobjects.com
2020-03-18,mass.alipay.com,alipay.com
2020-03-18,mobilegw.alipay.cn,alipay.cn
2020-03-18,mygw.alipay.com,alipay.com
2020-03-18,loggw.alipay.com,alipay.com
2020-03-18,aquic.alipay.com,alipay.com
2020-03-18,zos.alipayobjects.com,alipayobjects.com
2020-03-18,mugw.alipay.com,alipay.com
2020-03-18,render.alipay.com,alipay.com
2020-03-18,amdc.alipay.com,alipay.com
2020-03-18,www.taobao.com,taobao.com
2020-03-18,shavar.services.mozilla.com,mozilla.com
2020-03-18,configsvr.msf.3g.qq.com,qq.com
2020-03-18,android.rqd.qq.com,qq.com
2020-03-18,www.google.cn,google.cn
2020-03-18,conn1.oppomobile.com,oppomobile.com
2020-03-18,captive.v2ex.co,v2ex.co
2020-03-18,cgicol.amap.com,amap.com
2020-03-18,emoji.qpic.cn,qpic.cn
2020-03-18,apps.bdimg.com,bdimg.com
2020-03-18,www.hacking8.com,hacking8.com
2020-03-18,www.emlog.net,emlog.net
2020-03-18,www.miibeian.gov.cn,gov.cn
2020-03-18,com.tencent.mm,tencent.mm
2020-03-18,blog.hacking8.com,hacking8.com
2020-03-18,opensource.hacking8.com,hacking8.com
2020-03-18,libs.baidu.com,baidu.com
2020-03-18,xss.hacking8.com,hacking8.com
2020-03-18,www.moyanyinju.com,moyanyinju.com
2020-03-18,secure.gravatar.com,gravatar.com
2020-03-18,bugs.hacking8.com,hacking8.com
2020-03-18,qq.feixue.me,feixue.me
2020-03-18,tongji.baidu.com,baidu.com
2020-03-18,ada.baidu.com,baidu.com
2020-03-18,window.parent.post,parent.post
2020-03-18,hmcdn.baidu.com,baidu.com
2020-03-18,mt.lang.is,lang.is
2020-03-18,document.location.host,location.host
2020-03-18,datax.baidu.com,baidu.com
2020-03-18,document.body.style,body.style
2020-03-18,window.location.host,location.host
2020-03-18,ns.adobe.com,adobe.com
2020-03-18,www.w3.org,w3.org
2020-03-18,this.map.id,map.id
2020-03-18,this.map.is,map.is
2020-03-18,this.map.name,map.name
2020-03-18,this.options.placement.call,placement.call
2020-03-18,fn.button.no,button.no
2020-03-18,fn.collapse.no,collapse.no
2020-03-18,this.options.target,options.target
2020-03-18,fn.tooltip.no,tooltip.no
2020-03-18,keyup.dismiss.bs,dismiss.bs
2020-03-18,fn.dropdown.no,dropdown.no
2020-03-18,options.delay.show,delay.show
2020-03-18,this.hide.call,hide.call
2020-03-18,fn.popover.no,popover.no
2020-03-18,fn.carousel.no,carousel.no
2020-03-18,fn.tab.no,tab.no
2020-03-18,fn.scrollspy.no,scrollspy.no
2020-03-18,fn.affix.no,affix.no
2020-03-18,fn.alert.no,alert.no
2020-03-18,www.apache.org,apache.org
2020-03-18,fn.modal.no,modal.no
2020-03-18,jquery.min.map,min.map
2020-03-18,opts.start.call,start.call
2020-03-18,event.handlers.call,handlers.call
2020-03-18,this.options.step.call,step.call
2020-03-18,cur.finish.call,finish.call
2020-03-18,event.dispatch.call,dispatch.call
2020-03-18,tr.collapse.in,collapse.in
2020-03-18,btn-danger.disabled.active,disabled.active
2020-03-18,tbody.collapse.in,collapse.in
2020-03-18,btn-primary.disabled.active,disabled.active
2020-03-18,btn-warning.disabled.active,disabled.active
2020-03-18,btn-info.disabled.active,disabled.active
2020-03-18,btn-success.disabled.active,disabled.active
2020-03-18,btn-default.disabled.active,disabled.active
2020-03-18,www.liuzp.com,liuzp.com
2020-03-18,www.gravatar.com,gravatar.com
2020-03-18,api.anotherhome.net,anotherhome.net
2020-03-18,www.imagemagick.org,imagemagick.org
2020-03-18,alog.umeng.com,umeng.com
2020-03-18,resolver.msg.xiaomi.net,xiaomi.net
2020-03-18,cn.app.chat.xiaomi.net,xiaomi.net
2020-03-18,adash.man.aliyuncs.com,aliyuncs.com
2020-03-18,oc.umeng.com,umeng.com
2020-03-18,yao.95095.com,95095.com
2020-03-18,www.irongeek.com,irongeek.com
2020-03-18,www.virtualbox.org,virtualbox.org
2020-03-18,www.apachefriends.org,apachefriends.org
2020-03-18,www.vmware.com,vmware.com
2020-03-18,www.itsecgames.com,itsecgames.com
2020-03-18,www.owasp.org,owasp.org
2020-03-18,en.wikipedia.org,wikipedia.org
2020-03-18,www.scriptalert1.com,scriptalert1.com
2020-03-18,www.cgisecurity.com,cgisecurity.com
2020-03-18,incoming.telemetry.mozilla.org,mozilla.org
